"0","# EspÃ©cies: setosa - versicolor - virginica"
"0","Species = binary_species$species.virginica %>% as.factor()"
"0","Species"
"1","  [1]"
"1"," 0"
"1"," 0"
"1"," 0"
"1"," 0"
"1"," 0"
"1"," 0"
"1"," 0"
"1"," 0"
"1"," 0"
"1"," 0"
"1"," 0"
"1"," 0"
"1"," 0"
"1"," 0"
"1"," 0"
"1"," 0"
"1"," 0"
"1"," 0"
"1"," 0"
"1"," 0"
"1"," 0"
"1"," 0"
"1"," 0"
"1"," 0"
"1"," 0"
"1"," 0"
"1"," 0"
"1"," 0"
"1"," 0"
"1"," 0"
"1"," 0"
"1"," 0"
"1"," 0"
"1"," 0"
"1"," 0"
"1"," 0"
"1"," 0"
"1"," 0"
"1"," 0"
"1"," 0"
"1"," 0"
"1"," 0"
"1"," 0"
"1"," 0"
"1"," 0"
"1"," 0"
"1"," 0"
"1"," 0"
"1"," 0"
"1"," 0"
"1"," 0"
"1"," 0"
"1"," 0"
"1"," 0"
"1"," 0"
"1"," 0"
"1"," 0"
"1"," 0"
"1"," 0"
"1"," 0"
"1"," 0"
"1"," 0"
"1"," 0"
"1"," 0"
"1"," 0"
"1"," 0"
"1"," 0"
"1"," 0"
"1"," 0"
"1"," 0"
"1"," 0"
"1"," 0"
"1"," 0"
"1"," 0"
"1"," 0"
"1"," 0"
"1"," 0"
"1"," 0"
"1"," 0"
"1"," 0"
"1"," 0"
"1"," 0"
"1"," 0"
"1"," 0"
"1"," 0"
"1"," 0"
"1"," 0"
"1"," 0"
"1"," 0"
"1"," 0"
"1"," 0"
"1"," 0"
"1"," 0"
"1"," 0"
"1"," 0"
"1"," 0"
"1"," 0"
"1"," 0"
"1"," 0"
"1"," 0"
"1"," 1"
"1"," 1"
"1","
"
"1","[103]"
"1"," 1"
"1"," 1"
"1"," 1"
"1"," 1"
"1"," 1"
"1"," 1"
"1"," 1"
"1"," 1"
"1"," 1"
"1"," 1"
"1"," 1"
"1"," 1"
"1"," 1"
"1"," 1"
"1"," 1"
"1"," 1"
"1"," 1"
"1"," 1"
"1"," 1"
"1"," 1"
"1"," 1"
"1"," 1"
"1"," 1"
"1"," 1"
"1"," 1"
"1"," 1"
"1"," 1"
"1"," 1"
"1"," 1"
"1"," 1"
"1"," 1"
"1"," 1"
"1"," 1"
"1"," 1"
"1"," 1"
"1"," 1"
"1"," 1"
"1"," 1"
"1"," 1"
"1"," 1"
"1"," 1"
"1"," 1"
"1"," 1"
"1"," 1"
"1"," 1"
"1"," 1"
"1"," 1"
"1"," 1"
"1","
"
"1",""
"1","Levels: "
"1",""
"1","0 1"
"1",""
"1","
"
"0","dataset = data.frame(dataset[,1:4],Species)"
